index,mid,spread,microprice,imbalance,ema_microprice,realized_vol
0,100.00069,0.04171,100.00381,0.14949,100.00381,0.0000000
5000,99.11558,0.04391,99.11747,0.08592,99.11949,0.0001302
10000,98.52531,0.04970,98.52273,-0.10370,98.52305,0.0001318
15000,99.24177,0.05431,99.24762,0.21556,99.22868,0.0001316
20000,99.96620,0.03122,99.95776,-0.54051,99.96168,0.0001316
25000,99.99903,0.02393,100.00036,0.11148,99.96725,0.0001313
30000,99.80027,0.05580,99.79462,-0.20252,99.81352,0.0001312
35000,99.68712,0.03767,99.69652,0.49933,99.68736,0.0001313
40000,100.67434,0.04729,100.68116,0.28842,100.63414,0.0001312
45000,100.62322,0.05437,100.63568,0.45848,100.66271,0.0001312
50000,101.96278,0.02796,101.95776,-0.35970,101.92421,0.0001310
55000,103.04459,0.02763,103.04116,-0.24824,103.03366,0.0001306
60000,102.18034,0.02610,102.17483,-0.42230,102.14020,0.0001304
65000,102.01186,0.05124,102.01883,0.27197,101.94980,0.0001302
70000,102.20096,0.02585,102.19904,-0.14832,102.19149,0.0001302
75000,101.74298,0.02992,101.74814,0.34519,101.77007,0.0001301
80000,100.33132,0.05855,100.32664,-0.16015,100.38224,0.0001299
85000,100.27074,0.05376,100.26717,-0.13285,100.24945,0.0001300
90000,101.13846,0.04357,101.13050,-0.36533,101.17073,0.0001300
95000,100.96297,0.02070,100.96374,0.07453,100.98734,0.0001300
100000,101.17963,0.04765,101.17167,-0.33375,101.13794,0.0001299
105000,100.63569,0.03021,100.63234,-0.22198,100.65426,0.0001300
110000,101.68353,0.04958,101.67859,-0.19944,101.68512,0.0001299
115000,102.03000,0.04178,102.02996,-0.00216,102.00558,0.0001299
120000,102.02116,0.05862,102.01010,-0.37719,101.99335,0.0001297
125000,101.69174,0.05649,101.68489,-0.24264,101.70525,0.0001297
130000,102.65320,0.05429,102.64352,-0.35643,102.60514,0.0001296
135000,103.04830,0.04788,103.03857,-0.40659,103.04655,0.0001295
140000,103.23629,0.02985,103.24121,0.32917,103.22874,0.0001295
145000,103.00758,0.02562,103.00575,-0.14304,103.04314,0.0001293
150000,102.93826,0.02091,102.93343,-0.46154,102.97021,0.0001293
155000,102.42049,0.04569,102.41444,-0.26520,102.47032,0.0001293
160000,103.15247,0.02286,103.15258,0.00913,103.17406,0.0001291
165000,103.89940,0.04191,103.90336,0.18935,103.88576,0.0001291
170000,104.60403,0.04456,104.59930,-0.21237,104.59999,0.0001290
175000,104.80027,0.04763,104.78793,-0.51810,104.81845,0.0001289
180000,106.11047,0.04073,106.10064,-0.48254,106.14039,0.0001287
185000,106.38831,0.05956,106.38877,0.01530,106.38789,0.0001286
190000,106.33138,0.05505,106.33131,-0.00228,106.34170,0.0001285
195000,106.45911,0.03685,106.46373,0.25084,106.44459,0.0001283
200000,106.77860,0.05296,106.77646,-0.08090,106.78095,0.0001282
205000,106.99741,0.03251,106.99281,-0.28300,106.96601,0.0001280
210000,107.72658,0.04466,107.73410,0.33679,107.76419,0.0001279
215000,107.81013,0.02823,107.80699,-0.22298,107.82817,0.0001278
220000,108.87022,0.02376,108.87622,0.50502,108.84715,0.0001277
225000,110.18096,0.05916,110.18062,-0.01175,110.13708,0.0001275
230000,111.10643,0.02972,111.10188,-0.30596,111.09637,0.0001273
235000,109.91856,0.02062,109.91372,-0.46908,109.97111,0.0001271
240000,111.16433,0.04753,111.16181,-0.10576,111.17108,0.0001270
245000,111.62848,0.03300,111.62931,0.05009,111.61503,0.0001268
250000,110.95449,0.05078,110.95368,-0.03206,111.00680,0.0001266
255000,110.30255,0.04951,110.30891,0.25708,110.23872,0.0001265
260000,110.40226,0.03609,110.39149,-0.59702,110.37565,0.0001263
265000,111.37033,0.05620,111.36862,-0.06088,111.38964,0.0001261
270000,111.64693,0.02876,111.64238,-0.31634,111.64579,0.0001259
275000,111.95065,0.04609,111.95161,0.04175,111.98253,0.0001258
280000,112.61483,0.04580,112.61833,0.15299,112.56801,0.0001257
285000,111.50092,0.04608,111.49979,-0.04900,111.39621,0.0001255
290000,111.90093,0.05580,111.90645,0.19792,111.89229,0.0001254
295000,112.21295,0.04685,112.21784,0.20859,112.21945,0.0001253
300000,112.00111,0.04171,112.00920,0.38768,111.93130,0.0001252
305000,112.03271,0.05324,112.04368,0.41202,112.01930,0.0001251
310000,112.37175,0.04074,112.38312,0.55800,112.37594,0.0001249
315000,112.79023,0.02884,112.78375,-0.44950,112.74978,0.0001248
320000,113.14283,0.03860,113.13673,-0.31586,113.12183,0.0001246
325000,114.00236,0.02084,114.00540,0.29192,113.99960,0.0001245
330000,113.57666,0.05744,113.57213,-0.15767,113.51247,0.0001244
335000,113.51688,0.02140,113.51901,0.19875,113.52510,0.0001243
340000,114.00998,0.05499,114.01066,0.02458,113.96095,0.0001241
345000,114.88838,0.03777,114.89492,0.34630,114.87103,0.0001240
350000,116.53814,0.03903,116.52667,-0.58782,116.50330,0.0001238
355000,115.77252,0.02036,115.76999,-0.24830,115.77308,0.0001237
360000,114.71716,0.03417,114.71867,0.08815,114.69071,0.0001235
365000,115.74022,0.05285,115.75033,0.38244,115.77502,0.0001234
370000,116.60374,0.02333,116.60257,-0.10014,116.57137,0.0001232
375000,118.17633,0.04964,118.18268,0.25566,118.16431,0.0001231
380000,118.29379,0.02499,118.28767,-0.48984,118.27742,0.0001230
385000,117.97049,0.05475,117.96593,-0.16673,117.94723,0.0001228
390000,117.76004,0.05980,117.75382,-0.20787,117.77252,0.0001226
395000,119.18561,0.05905,119.19500,0.31786,119.17383,0.0001225
400000,119.44738,0.03022,119.44586,-0.10053,119.39434,0.0001223
405000,119.21650,0.02731,119.22235,0.42842,119.21049,0.0001222
410000,118.91910,0.04188,118.91428,-0.23010,118.89665,0.0001221
415000,118.87172,0.03882,118.86795,-0.19420,118.86299,0.0001219
420000,119.45016,0.04269,119.45579,0.26388,119.40723,0.0001218
425000,119.69867,0.02448,119.69973,0.08684,119.71311,0.0001216
430000,119.88848,0.02544,119.89459,0.48043,119.90462,0.0001215
435000,120.11478,0.05180,120.10533,-0.36508,120.20596,0.0001213
440000,120.98143,0.05611,120.97424,-0.25639,120.95497,0.0001212
445000,120.83191,0.02212,120.83315,0.11181,120.88991,0.0001210
450000,120.26101,0.05931,120.27714,0.54385,120.26613,0.0001209
455000,119.68510,0.05838,119.67336,-0.40237,119.71557,0.0001208
460000,119.54875,0.02462,119.54892,0.01385,119.53586,0.0001207
465000,119.55374,0.05709,119.55686,0.10945,119.51891,0.0001205
470000,121.66148,0.03174,121.65142,-0.63406,121.67051,0.0001204
475000,122.64510,0.05277,122.65243,0.27787,122.60464,0.0001203
480000,121.38269,0.03597,121.38540,0.15057,121.36981,0.0001202
485000,119.33905,0.05679,119.34156,0.08827,119.41025,0.0001201
490000,120.36969,0.04927,120.35997,-0.39439,120.30803,0.0001200
495000,120.07624,0.03897,120.07429,-0.09980,120.05107,0.0001199
500000,119.26026,0.05273,119.26382,0.13492,119.26598,0.0001198
505000,118.99555,0.02987,118.99829,0.18330,119.02243,0.0001197
510000,119.45752,0.03049,119.45950,0.12956,119.49860,0.0001196
515000,119.39401,0.05464,119.38865,-0.19647,119.41553,0.0001195
520000,118.95452,0.02608,118.94974,-0.36666,118.94257,0.0001194
525000,120.05073,0.04218,120.04689,-0.18201,120.10514,0.0001193
530000,120.46295,0.03194,120.46302,0.00395,120.48306,0.0001192
535000,120.29199,0.04197,120.29153,-0.02179,120.29621,0.0001191
540000,119.62084,0.05245,119.62174,0.03441,119.68292,0.0001190
545000,119.39832,0.03262,119.40036,0.12526,119.39855,0.0001189
550000,119.03054,0.02004,119.02902,-0.15231,119.00527,0.0001188
555000,119.27506,0.04713,119.26713,-0.33639,119.25222,0.0001187
560000,119.26128,0.04788,119.25182,-0.39491,119.22788,0.0001187
565000,118.94605,0.02709,118.95283,0.50054,118.97250,0.0001186
570000,118.14517,0.04867,118.13628,-0.36517,118.15870,0.0001185
575000,117.90799,0.04553,117.90521,-0.12179,117.95646,0.0001185
580000,117.71775,0.04800,117.72373,0.24947,117.68217,0.0001184
585000,116.81911,0.04258,116.81922,0.00493,116.78880,0.0001184
590000,117.58107,0.02617,117.57867,-0.18408,117.59061,0.0001183
595000,118.20871,0.04063,118.20685,-0.09158,118.21423,0.0001182
600000,118.44200,0.04651,118.45012,0.34906,118.42343,0.0001182
605000,116.72294,0.05539,116.72713,0.15126,116.71239,0.0001181
610000,116.63493,0.04631,116.63038,-0.19681,116.65639,0.0001181
615000,116.40640,0.04936,116.41624,0.39855,116.43498,0.0001180
620000,115.81060,0.04268,115.82348,0.60372,115.81005,0.0001180
625000,116.47585,0.03545,116.47641,0.03179,116.43917,0.0001179
630000,116.70549,0.02121,116.70484,-0.06064,116.72567,0.0001179
635000,116.09567,0.03396,116.10083,0.30375,116.07745,0.0001178
640000,116.19704,0.04826,116.20812,0.45889,116.14134,0.0001178
645000,115.29162,0.05701,115.29408,0.08608,115.30257,0.0001178
650000,116.00894,0.02087,116.00613,-0.26951,115.99351,0.0001177
655000,116.60476,0.05128,116.59727,-0.29193,116.60512,0.0001177
660000,116.71394,0.02580,116.71947,0.42824,116.72366,0.0001176
665000,116.49097,0.02952,116.48721,-0.25454,116.46300,0.0001176
670000,116.54480,0.04217,116.53518,-0.45632,116.52334,0.0001176
675000,115.54164,0.02820,115.53898,-0.18856,115.52038,0.0001175
680000,114.63780,0.02765,114.64194,0.29909,114.72453,0.0001175
685000,113.77155,0.03253,113.76633,-0.32046,113.83042,0.0001174
690000,113.88301,0.03759,113.87364,-0.49846,113.89828,0.0001174
695000,114.18090,0.05301,114.17718,-0.14040,114.20563,0.0001174
700000,112.87736,0.02433,112.88264,0.43466,112.87696,0.0001174
705000,112.97225,0.05530,112.97584,0.12975,112.97607,0.0001174
710000,112.46692,0.03437,112.46351,-0.19811,112.50913,0.0001174
715000,111.55068,0.05804,111.55122,0.01871,111.56675,0.0001173
720000,110.35472,0.03829,110.35763,0.15200,110.34829,0.0001173
725000,110.03502,0.03672,110.02670,-0.45325,110.04248,0.0001174
730000,110.67202,0.05208,110.67437,0.09038,110.66127,0.0001173
735000,109.39767,0.04049,109.40555,0.38929,109.40200,0.0001174
740000,109.91201,0.04675,109.91344,0.06121,109.89348,0.0001174
745000,111.03726,0.03026,111.04347,0.41057,111.02033,0.0001174
750000,110.56386,0.05979,110.55391,-0.33275,110.55869,0.0001174
755000,110.67182,0.04444,110.67551,0.16618,110.62409,0.0001174
760000,110.08294,0.04410,110.09108,0.36914,110.08954,0.0001174
765000,109.46392,0.03190,109.46174,-0.13667,109.43549,0.0001174
770000,110.60543,0.02524,110.59803,-0.58652,110.64897,0.0001174
775000,111.35926,0.02396,111.36380,0.37891,111.39283,0.0001175
780000,111.34826,0.02087,111.34568,-0.24680,111.38520,0.0001175
785000,111.60410,0.05614,111.60805,0.14083,111.59286,0.0001175
790000,111.32054,0.05450,111.33226,0.43002,111.31726,0.0001175
795000,110.54515,0.02252,110.54251,-0.23483,110.52195,0.0001175
800000,110.19533,0.05846,110.20618,0.37130,110.13668,0.0001175
805000,109.81969,0.04928,109.83112,0.46392,109.82086,0.0001175
810000,109.76823,0.02443,109.76934,0.09084,109.76407,0.0001175
815000,110.40247,0.03721,110.40085,-0.08700,110.38378,0.0001175
820000,110.73179,0.04920,110.71981,-0.48669,110.76636,0.0001175
825000,112.37681,0.02767,112.37390,-0.21008,112.40635,0.0001175
830000,112.26903,0.03101,112.27223,0.20619,112.32218,0.0001175
835000,112.17264,0.04220,112.16456,-0.38309,112.15718,0.0001175
840000,110.87652,0.02483,110.87309,-0.27674,110.90984,0.0001175
845000,111.72962,0.03068,111.72881,-0.05263,111.67944,0.0001175
850000,111.81029,0.03732,111.81171,0.07623,111.82518,0.0001175
855000,111.86203,0.05066,111.87504,0.51365,111.81540,0.0001175
860000,112.13272,0.04512,112.13983,0.31524,112.12985,0.0001175
865000,112.58261,0.03848,112.57499,-0.39608,112.59086,0.0001175
870000,114.00670,0.04701,114.01791,0.47677,113.98742,0.0001175
875000,113.76585,0.05585,113.78003,0.50772,113.73628,0.0001175
880000,114.65111,0.04341,114.64577,-0.24619,114.58129,0.0001174
885000,113.30257,0.03628,113.30674,0.22998,113.29897,0.0001174
890000,113.95031,0.02188,113.94594,-0.39958,113.94154,0.0001174
895000,113.72034,0.04421,113.71923,-0.05025,113.70799,0.0001174
900000,114.14283,0.03937,114.13779,-0.25576,114.17320,0.0001174
905000,112.44495,0.02563,112.44167,-0.25572,112.42048,0.0001174
910000,113.24274,0.04688,113.23320,-0.40695,113.25764,0.0001174
915000,112.46215,0.02882,112.46153,-0.04297,112.50859,0.0001173
920000,112.36860,0.03343,112.36936,0.04566,112.35178,0.0001174
925000,111.98433,0.05471,111.97371,-0.38815,111.98505,0.0001174
930000,111.99314,0.03784,111.99310,-0.00184,111.95426,0.0001174
935000,112.12955,0.05242,112.13099,0.05493,112.15570,0.0001173
940000,113.29994,0.03408,113.29851,-0.08395,113.29380,0.0001174
945000,113.73014,0.04380,113.72771,-0.11079,113.77342,0.0001173
950000,113.88476,0.03943,113.89092,0.31247,113.85416,0.0001173
955000,113.84799,0.02604,113.85116,0.24336,113.88581,0.0001173
960000,114.79291,0.04867,114.80490,0.49270,114.78629,0.0001173
965000,115.44493,0.03200,115.44183,-0.19401,115.46419,0.0001173
970000,115.86775,0.04607,115.86938,0.07055,115.85680,0.0001173
975000,115.34182,0.05599,115.33826,-0.12725,115.32939,0.0001173
980000,116.41047,0.05545,116.41043,-0.00136,116.39269,0.0001172
985000,116.84854,0.05872,116.84806,-0.01638,116.84534,0.0001172
990000,116.32977,0.03764,116.33771,0.42191,116.39609,0.0001172
995000,117.33880,0.05213,117.33081,-0.30660,117.31772,0.0001171
1000000,118.13995,0.03377,118.13999,0.00244,118.16620,0.0001171
1005000,119.21734,0.05942,119.22179,0.14971,119.23920,0.0001171
1010000,121.05628,0.05740,121.06701,0.37389,121.07460,0.0001171
1015000,121.53165,0.02988,121.52882,-0.18999,121.48610,0.0001170
1020000,121.48428,0.02419,121.48935,0.41934,121.48378,0.0001170
1025000,120.98853,0.02408,120.98731,-0.10088,120.95275,0.0001169
1030000,121.99350,0.04144,121.99928,0.27919,122.00904,0.0001169
1035000,122.12601,0.05065,122.13163,0.22223,122.15775,0.0001168
1040000,121.51026,0.02399,121.51478,0.37722,121.53563,0.0001168
1045000,122.07707,0.02702,122.07962,0.18872,122.06442,0.0001167
1050000,122.20602,0.03005,122.20651,0.03270,122.21975,0.0001167
1055000,121.83393,0.05957,121.82616,-0.26102,121.83011,0.0001167
1060000,120.98769,0.04427,120.98588,-0.08147,120.97775,0.0001166
1065000,121.54408,0.02096,121.54007,-0.38276,121.48840,0.0001166
1070000,121.43079,0.03375,121.43733,0.38725,121.43357,0.0001166
1075000,120.85450,0.02780,120.84931,-0.37316,120.85059,0.0001165
1080000,119.04239,0.05023,119.05134,0.35634,119.06019,0.0001165
1085000,119.20105,0.03854,119.19453,-0.33831,119.17314,0.0001165
1090000,118.47735,0.04203,118.48069,0.15866,118.50839,0.0001164
1095000,117.65861,0.02492,117.65477,-0.30827,117.59745,0.0001164
1100000,117.03539,0.05447,117.03613,0.02723,117.01324,0.0001164
1105000,116.60240,0.03823,116.60068,-0.08993,116.61705,0.0001164
1110000,116.01109,0.02487,116.00871,-0.19103,115.97212,0.0001164
1115000,115.46352,0.05935,115.47152,0.26963,115.52072,0.0001163
1120000,115.24308,0.02585,115.24784,0.36826,115.19421,0.0001163
1125000,114.37967,0.05882,114.38301,0.11369,114.41859,0.0001163
1130000,113.16800,0.03938,113.17111,0.15812,113.23359,0.0001163
1135000,113.91176,0.04102,113.91295,0.05791,113.90164,0.0001163
1140000,112.98247,0.02103,112.97897,-0.33294,112.98489,0.0001163
1145000,113.31244,0.03924,113.30765,-0.24451,113.30769,0.0001163
1150000,114.16503,0.02307,114.16585,0.07120,114.13843,0.0001163
1155000,114.43278,0.05886,114.43456,0.06045,114.43930,0.0001163
1160000,114.17878,0.05260,114.18427,0.20873,114.15030,0.0001163
1165000,114.54069,0.03947,114.54184,0.05840,114.56039,0.0001163
1170000,113.74195,0.03640,113.74771,0.31657,113.78420,0.0001163
1175000,113.03728,0.05490,113.03709,-0.00721,113.06794,0.0001163
1180000,112.57678,0.03315,112.57495,-0.11032,112.63826,0.0001163
1185000,112.50247,0.02786,112.50251,0.00281,112.51134,0.0001163
1190000,112.22562,0.05814,112.23553,0.34100,112.26138,0.0001163
1195000,112.14745,0.03106,112.14951,0.13230,112.15094,0.0001163
1200000,112.50493,0.04748,112.51506,0.42667,112.54112,0.0001163
1205000,112.81438,0.03474,112.81187,-0.14494,112.88417,0.0001163
1210000,112.88911,0.02631,112.89533,0.47256,112.86112,0.0001163
1215000,113.69044,0.03153,113.69233,0.12038,113.72547,0.0001163
1220000,112.67835,0.04218,112.67396,-0.20846,112.63109,0.0001163
1225000,112.19703,0.03706,112.19658,-0.02465,112.17851,0.0001163
1230000,112.76428,0.02476,112.76961,0.43010,112.78603,0.0001163
1235000,112.47765,0.05996,112.47678,-0.02870,112.52424,0.0001163
1240000,113.00361,0.02210,113.00140,-0.20026,112.99929,0.0001163
1245000,113.51795,0.04150,113.50886,-0.43771,113.56815,0.0001163
1250000,114.08734,0.02695,114.08947,0.15764,114.05648,0.0001163
1255000,114.25509,0.03586,114.24981,-0.29465,114.26049,0.0001162
1260000,113.46336,0.04336,113.47044,0.32679,113.46922,0.0001162
1265000,114.62542,0.04339,114.61910,-0.29153,114.69901,0.0001162
1270000,115.77752,0.02364,115.77418,-0.28268,115.76316,0.0001162
1275000,115.77103,0.05607,115.75882,-0.43537,115.77875,0.0001162
1280000,115.15352,0.02453,115.14895,-0.37292,115.15680,0.0001162
1285000,114.32162,0.04962,114.32245,0.03341,114.32130,0.0001162
1290000,114.37050,0.04990,114.37150,0.03972,114.35730,0.0001162
1295000,114.53988,0.04088,114.53862,-0.06160,114.54267,0.0001162
1300000,115.14520,0.03182,115.14079,-0.27754,115.14787,0.0001162
1305000,115.47188,0.05564,115.47601,0.14857,115.50800,0.0001162
1310000,114.66280,0.02484,114.66208,-0.05792,114.62241,0.0001162
1315000,114.44418,0.05008,114.43945,-0.18902,114.44497,0.0001161
1320000,114.46670,0.02210,114.46803,0.12055,114.48828,0.0001161
1325000,115.54834,0.03641,115.54268,-0.31085,115.58866,0.0001161
1330000,115.56902,0.02092,115.56804,-0.09330,115.59152,0.0001161
1335000,116.45802,0.02015,116.45831,0.02846,116.45989,0.0001161
1340000,116.55881,0.04080,116.55050,-0.40730,116.53047,0.0001161
1345000,116.83331,0.05052,116.84634,0.51585,116.84913,0.0001161
1350000,116.68945,0.05566,116.68969,0.00876,116.70678,0.0001161
1355000,116.64097,0.04747,116.64724,0.26421,116.61777,0.0001161
1360000,116.44185,0.02425,116.44311,0.10359,116.44221,0.0001160
1365000,115.54547,0.03139,115.54600,0.03351,115.58344,0.0001160
1370000,115.89071,0.03822,115.88428,-0.33640,115.94824,0.0001160
1375000,115.87815,0.02558,115.88100,0.22300,115.90312,0.0001160
1380000,116.07480,0.04224,116.06951,-0.25029,116.11932,0.0001160
1385000,116.34096,0.04881,116.33957,-0.05693,116.40439,0.0001160
1390000,116.70498,0.03255,116.69755,-0.45642,116.69377,0.0001160
1395000,117.22614,0.03590,117.23239,0.34825,117.16371,0.0001160
1400000,117.06276,0.04956,117.05546,-0.29445,117.03313,0.0001160
1405000,117.12209,0.05195,117.13472,0.48600,117.16237,0.0001159
1410000,116.73102,0.05526,116.72122,-0.35472,116.77525,0.0001159
1415000,116.65103,0.02876,116.64774,-0.22862,116.71283,0.0001159
1420000,117.26670,0.05878,117.26484,-0.06319,117.25838,0.0001159
1425000,116.63366,0.04629,116.62607,-0.32774,116.68248,0.0001159
1430000,115.13832,0.02132,115.13344,-0.45777,115.12208,0.0001159
1435000,115.94718,0.02643,115.95401,0.51686,115.94441,0.0001159
1440000,115.73011,0.05695,115.74158,0.40294,115.68656,0.0001159
1445000,116.05249,0.04626,116.04957,-0.12658,116.04930,0.0001159
1450000,115.54718,0.05921,115.53386,-0.44982,115.57166,0.0001158
1455000,115.09446,0.05949,115.09090,-0.11945,115.02990,0.0001158
1460000,115.50676,0.02451,115.50778,0.08370,115.49061,0.0001158
1465000,117.08058,0.04710,117.08005,-0.02244,117.05044,0.0001158
1470000,118.14918,0.03371,118.14135,-0.46451,118.21301,0.0001158
1475000,119.37470,0.05429,119.37640,0.06239,119.36334,0.0001158
1480000,118.54086,0.04041,118.54361,0.13643,118.56313,0.0001158
1485000,118.45542,0.02113,118.46168,0.59231,118.51129,0.0001157
1490000,118.16978,0.02155,118.16304,-0.62525,118.15645,0.0001157
1495000,118.70213,0.03672,118.69519,-0.37792,118.69394,0.0001157
1500000,119.43991,0.02372,119.43953,-0.03215,119.41694,0.0001157
1505000,120.45923,0.02830,120.46321,0.28076,120.50037,0.0001157
1510000,118.87988,0.05866,118.88101,0.03865,118.89632,0.0001157
1515000,119.87841,0.03201,119.87735,-0.06594,119.89034,0.0001156
1520000,120.00689,0.05964,120.02432,0.58447,119.97863,0.0001156
1525000,120.23043,0.05233,120.21828,-0.46455,120.22765,0.0001156
1530000,121.37806,0.04700,121.37488,-0.13526,121.36129,0.0001156
1535000,122.49491,0.04914,122.48626,-0.35193,122.46690,0.0001155
1540000,121.83900,0.03708,121.84002,0.05542,121.75421,0.0001155
1545000,121.52157,0.05218,121.53541,0.53042,121.52291,0.0001155
1550000,122.33584,0.05389,122.34259,0.25062,122.40368,0.0001155
1555000,122.29312,0.03991,122.28176,-0.56917,122.31659,0.0001154
1560000,122.76017,0.02019,122.76222,0.20397,122.74296,0.0001154
1565000,122.79545,0.03112,122.79525,-0.01321,122.85744,0.0001154
1570000,121.70600,0.03521,121.70440,-0.09086,121.72685,0.0001154
1575000,122.53748,0.05914,122.54091,0.11602,122.51685,0.0001153
1580000,121.77482,0.05966,121.77384,-0.03275,121.80605,0.0001153
1585000,121.49312,0.05246,121.50170,0.32722,121.53721,0.0001153
1590000,122.67560,0.04637,122.66782,-0.33552,122.62311,0.0001153
1595000,122.62134,0.05828,122.61559,-0.19707,122.64087,0.0001152
1600000,122.06099,0.05857,122.05539,-0.19123,122.08510,0.0001152
1605000,121.79489,0.02329,121.79694,0.17584,121.85012,0.0001152
1610000,121.36041,0.04527,121.36286,0.10836,121.35967,0.0001152
1615000,120.70384,0.05536,120.71018,0.22919,120.70980,0.0001152
1620000,119.80146,0.03349,119.81120,0.58206,119.79400,0.0001151
1625000,120.83362,0.04759,120.83685,0.13563,120.80734,0.0001151
1630000,120.48166,0.03632,120.48466,0.16518,120.51432,0.0001151
1635000,120.29528,0.05868,120.30691,0.39644,120.25122,0.0001151
1640000,120.38723,0.02504,120.38409,-0.25083,120.39699,0.0001151
1645000,121.45466,0.04290,121.45808,0.15927,121.44336,0.0001150
1650000,121.15090,0.02508,121.15146,0.04476,121.15234,0.0001150
1655000,119.99074,0.04861,119.99046,-0.01170,120.02050,0.0001150
1660000,119.29040,0.04809,119.28999,-0.01713,119.34055,0.0001150
1665000,119.95101,0.05730,119.95406,0.10659,119.94756,0.0001150
1670000,120.12675,0.04607,120.13033,0.15538,120.17186,0.0001149
1675000,120.32909,0.05822,120.33013,0.03582,120.35825,0.0001149
1680000,119.99638,0.04368,119.99315,-0.14802,119.98714,0.0001149
1685000,119.44344,0.04988,119.44954,0.24443,119.46650,0.0001149
1690000,118.04100,0.03788,118.03151,-0.50094,118.06782,0.0001149
1695000,117.63631,0.04919,117.63001,-0.25618,117.65750,0.0001149
1700000,116.24301,0.04588,116.23256,-0.45592,116.25405,0.0001148
1705000,116.09104,0.02415,116.09334,0.19061,116.07830,0.0001148
1710000,115.98354,0.02799,115.97985,-0.26356,116.00039,0.0001148
1715000,115.70648,0.03396,115.70119,-0.31201,115.73743,0.0001148
1720000,115.33891,0.03310,115.33712,-0.10810,115.37788,0.0001148
1725000,115.89304,0.05295,115.90108,0.30384,115.86579,0.0001148
1730000,116.25750,0.05782,116.26854,0.38193,116.23872,0.0001148
1735000,115.87342,0.03321,115.86594,-0.45036,115.89450,0.0001148
1740000,114.81664,0.02908,114.81786,0.08363,114.83743,0.0001148
1745000,114.77039,0.02738,114.76746,-0.21353,114.78118,0.0001148
1750000,114.25768,0.04295,114.25370,-0.18528,114.24208,0.0001148
1755000,115.33731,0.05987,115.34267,0.17912,115.31167,0.0001148
1760000,116.00477,0.05765,115.99302,-0.40761,116.02837,0.0001148
1765000,114.34839,0.03330,114.34551,-0.17321,114.32527,0.0001148
1770000,114.65360,0.03898,114.65047,-0.16047,114.62921,0.0001148
1775000,115.31588,0.03510,115.31748,0.09118,115.33322,0.0001148
1780000,115.44874,0.02959,115.44492,-0.25781,115.43358,0.0001148
1785000,114.10025,0.04406,114.09424,-0.27309,114.16223,0.0001148
1790000,113.25379,0.03631,113.25772,0.21651,113.23405,0.0001148
1795000,112.82521,0.02147,112.82795,0.25491,112.76558,0.0001148
1800000,112.03191,0.02227,112.03707,0.46329,112.08433,0.0001148
1805000,111.39972,0.02412,111.39696,-0.22905,111.37277,0.0001148
1810000,111.34219,0.03464,111.34148,-0.04098,111.34488,0.0001148
1815000,111.43665,0.03699,111.43404,-0.14138,111.44257,0.0001148
1820000,111.54341,0.02358,111.54001,-0.28835,111.50957,0.0001148
1825000,112.57087,0.03570,112.56888,-0.11146,112.55679,0.0001148
1830000,114.41397,0.04013,114.41480,0.04107,114.42278,0.0001148
1835000,114.01361,0.04325,114.01205,-0.07211,114.03675,0.0001148
1840000,112.86693,0.04390,112.87175,0.21955,112.89685,0.0001148
1845000,112.05113,0.05157,112.05127,0.00541,112.10585,0.0001148
1850000,112.57511,0.05134,112.56831,-0.26479,112.60602,0.0001148
1855000,112.21143,0.04867,112.21108,-0.01436,112.21308,0.0001148
1860000,112.59515,0.02926,112.59940,0.29088,112.61968,0.0001148
1865000,111.75500,0.02667,111.75254,-0.18448,111.69839,0.0001148
1870000,113.28818,0.05774,113.29955,0.39360,113.37637,0.0001148
1875000,114.16334,0.05064,114.15780,-0.21878,114.12581,0.0001148
1880000,114.20176,0.04010,114.20684,0.25319,114.11285,0.0001148
1885000,113.72107,0.03762,113.72340,0.12410,113.72325,0.0001148
1890000,114.07701,0.04795,114.06779,-0.38473,114.09341,0.0001148
1895000,113.60706,0.04081,113.60278,-0.20988,113.53405,0.0001148
1900000,113.61069,0.04733,113.59798,-0.53700,113.61491,0.0001148
1905000,114.39534,0.03524,114.39773,0.13580,114.40925,0.0001148
1910000,113.40141,0.02869,113.40177,0.02490,113.41079,0.0001148
1915000,113.89216,0.04061,113.89202,-0.00692,113.91372,0.0001148
1920000,113.76281,0.02991,113.77056,0.51837,113.73738,0.0001148
1925000,115.05768,0.02164,115.05995,0.20953,115.05081,0.0001148
1930000,114.33840,0.05851,114.34350,0.17441,114.31545,0.0001148
1935000,114.31256,0.05078,114.31649,0.15445,114.27038,0.0001148
1940000,115.65985,0.03240,115.66032,0.02891,115.66009,0.0001148
1945000,115.99576,0.05588,115.99443,-0.04778,115.99490,0.0001148
1950000,117.10822,0.05405,117.10999,0.06563,117.09704,0.0001148
1955000,116.26010,0.04822,116.25842,-0.06934,116.25638,0.0001148
1960000,116.11362,0.03496,116.10674,-0.39385,116.13889,0.0001148
1965000,115.15865,0.04981,115.15474,-0.15716,115.13892,0.0001148
1970000,115.13820,0.05180,115.14939,0.43229,115.16610,0.0001148
1975000,115.52634,0.02841,115.53404,0.54150,115.56626,0.0001148
1980000,115.94565,0.05917,115.94454,-0.03734,115.96780,0.0001148
1985000,116.68668,0.02270,116.68454,-0.18820,116.68476,0.0001148
1990000,116.63808,0.05115,116.62795,-0.39611,116.64953,0.0001148
1995000,116.45486,0.03759,116.45575,0.04711,116.44627,0.0001148
2000000,117.67521,0.03109,117.67990,0.30161,117.65470,0.0001148
2005000,119.00973,0.02891,119.01030,0.03954,119.01194,0.0001148
2010000,118.26216,0.03930,118.25984,-0.11836,118.27834,0.0001147
2015000,118.33742,0.04613,118.34979,0.53608,118.38542,0.0001147
2020000,117.47651,0.04373,117.48750,0.50271,117.47249,0.0001147
2025000,119.27969,0.02037,119.28016,0.04577,119.31008,0.0001147
2030000,118.95749,0.05513,118.96764,0.36807,118.93298,0.0001147
2035000,119.15307,0.02570,119.15734,0.33231,119.14725,0.0001147
2040000,118.57686,0.05758,118.58189,0.17472,118.62062,0.0001147
2045000,119.12732,0.02958,119.12415,-0.21475,119.11269,0.0001147
2050000,118.68836,0.05747,118.70027,0.41466,118.66651,0.0001147
2055000,118.10246,0.02566,118.10472,0.17645,118.13461,0.0001147
2060000,118.42952,0.05014,118.42366,-0.23367,118.40953,0.0001146
2065000,117.39349,0.03432,117.40009,0.38474,117.38650,0.0001146
2070000,117.05688,0.03092,117.05561,-0.08216,117.04000,0.0001146
2075000,116.12917,0.03927,116.12760,-0.07993,116.09749,0.0001146
2080000,115.84306,0.04063,115.83730,-0.28359,115.74840,0.0001146
2085000,116.59432,0.02777,116.60041,0.43888,116.56643,0.0001146
2090000,116.69824,0.04526,116.68920,-0.39934,116.72148,0.0001146
2095000,116.20491,0.04913,116.20942,0.18363,116.26327,0.0001146
2100000,116.95683,0.03669,116.95101,-0.31750,116.98656,0.0001146
2105000,117.37258,0.04188,117.37652,0.18794,117.38478,0.0001146
2110000,117.37227,0.03724,117.37408,0.09702,117.42136,0.0001146
2115000,117.32367,0.05258,117.32267,-0.03799,117.34650,0.0001146
2120000,117.74279,0.04150,117.74891,0.29455,117.77441,0.0001146
2125000,116.37077,0.03232,116.36819,-0.15968,116.28270,0.0001146
2130000,116.39099,0.02034,116.39082,-0.01645,116.39700,0.0001145
2135000,116.55341,0.03716,116.55014,-0.17569,116.58417,0.0001145
2140000,118.03619,0.04776,118.02983,-0.26626,118.02233,0.0001145
2145000,117.67999,0.03532,117.68142,0.08129,117.72921,0.0001145
2150000,117.13095,0.04422,117.13253,0.07105,117.12363,0.0001145
2155000,117.15072,0.05376,117.14435,-0.23708,117.11260,0.0001145
2160000,115.56664,0.05322,115.55709,-0.35870,115.55446,0.0001145
2165000,115.18550,0.05731,115.19342,0.27645,115.17538,0.0001145
2170000,116.12431,0.03060,116.12457,0.01747,116.13346,0.0001145
2175000,115.38746,0.03150,115.38330,-0.26449,115.35984,0.0001145
2180000,115.84046,0.02025,115.84530,0.47807,115.87973,0.0001145
2185000,116.07147,0.05104,116.07171,0.00911,116.06254,0.0001145
2190000,116.15154,0.03713,116.14904,-0.13456,116.13644,0.0001145
2195000,116.04713,0.04192,116.03968,-0.35545,116.04333,0.0001145
2200000,116.90471,0.04662,116.89509,-0.41304,116.86272,0.0001145
2205000,116.10284,0.03835,116.10086,-0.10329,116.09446,0.0001145
2210000,118.14777,0.03959,118.14162,-0.31094,118.13469,0.0001145
2215000,118.58284,0.04420,118.58954,0.30358,118.59888,0.0001145
2220000,117.69509,0.04310,117.69312,-0.09113,117.71339,0.0001145
2225000,116.28126,0.02046,116.28053,-0.07132,116.20913,0.0001144
2230000,115.93908,0.03722,115.94638,0.39230,115.97095,0.0001144
2235000,115.35351,0.02341,115.34656,-0.59391,115.40362,0.0001144
2240000,115.83830,0.04667,115.83234,-0.25552,115.83568,0.0001144
2245000,116.63290,0.02029,116.62762,-0.52034,116.62505,0.0001144
2250000,116.63620,0.02643,116.63817,0.14946,116.60144,0.0001144
2255000,116.23691,0.02319,116.23829,0.11826,116.32589,0.0001144
2260000,115.34908,0.05607,115.33900,-0.35956,115.36394,0.0001144
2265000,117.50030,0.03529,117.49441,-0.33356,117.50519,0.0001144
2270000,117.36572,0.04820,117.35215,-0.56318,117.35017,0.0001144
2275000,118.03475,0.02736,118.03927,0.33045,118.05784,0.0001144
2280000,117.22286,0.04526,117.22507,0.09771,117.21443,0.0001144
2285000,116.95426,0.03739,116.94872,-0.29646,116.98697,0.0001144
2290000,118.27160,0.03459,118.27260,0.05792,118.25077,0.0001144
2295000,118.31748,0.05307,118.32130,0.14401,118.35920,0.0001144
2300000,117.64261,0.03737,117.64346,0.04579,117.63283,0.0001144
2305000,117.95336,0.02218,117.95810,0.42789,117.95901,0.0001144
2310000,116.94908,0.04567,116.95003,0.04135,117.01819,0.0001144
2315000,116.08642,0.04052,116.08744,0.05039,116.10819,0.0001144
2320000,117.10848,0.04302,117.10142,-0.32829,117.17038,0.0001143
2325000,118.18015,0.03668,118.17862,-0.08341,118.18295,0.0001143
2330000,117.73548,0.02062,117.73601,0.05151,117.75958,0.0001143
2335000,117.89616,0.02343,117.89737,0.10309,117.91718,0.0001143
2340000,117.45230,0.04910,117.45091,-0.05649,117.47805,0.0001143
2345000,116.70011,0.02144,116.70036,0.02338,116.78913,0.0001143
2350000,115.70441,0.02081,115.70176,-0.25476,115.67205,0.0001143
2355000,114.88785,0.04263,114.88667,-0.05524,114.91027,0.0001143
2360000,114.50187,0.04824,114.50307,0.04951,114.48480,0.0001143
2365000,114.20263,0.05947,114.19267,-0.33486,114.16135,0.0001143
2370000,112.60733,0.03312,112.59962,-0.46594,112.58270,0.0001143
2375000,113.56970,0.04240,113.58059,0.51406,113.60146,0.0001143
2380000,113.69852,0.02546,113.69386,-0.36598,113.70387,0.0001143
2385000,113.82025,0.05229,113.82547,0.19971,113.82464,0.0001143
2390000,114.93867,0.02971,114.94531,0.44680,114.96573,0.0001143
2395000,115.35524,0.05599,115.35587,0.02247,115.38593,0.0001143
2400000,114.55309,0.05240,114.55948,0.24366,114.60319,0.0001143
2405000,113.84983,0.05554,113.85218,0.08454,113.87058,0.0001143
2410000,112.69004,0.04142,112.68630,-0.18059,112.66015,0.0001143
2415000,111.39600,0.02979,111.40035,0.29215,111.44889,0.0001143
2420000,110.23848,0.02264,110.23786,-0.05511,110.26983,0.0001143
2425000,110.64683,0.05525,110.64847,0.05925,110.70737,0.0001143
2430000,110.89454,0.03078,110.89519,0.04279,110.92189,0.0001144
2435000,111.08541,0.04957,111.08164,-0.15189,111.09644,0.0001144
2440000,110.39532,0.03431,110.38903,-0.36699,110.42203,0.0001144
2445000,111.02965,0.04057,111.03104,0.06833,111.05034,0.0001144
2450000,110.73552,0.05501,110.73729,0.06423,110.73069,0.0001144
2455000,110.74595,0.05556,110.75060,0.16756,110.72850,0.0001144
2460000,111.53550,0.03263,111.53888,0.20724,111.52498,0.0001144
2465000,111.70375,0.04071,111.69181,-0.58666,111.67883,0.0001144
2470000,112.82853,0.03391,112.83678,0.48666,112.88622,0.0001144
2475000,112.36617,0.05372,112.36972,0.13226,112.37164,0.0001144
2480000,112.55151,0.05576,112.55604,0.16261,112.50776,0.0001144
2485000,113.20033,0.02174,113.19908,-0.11531,113.20390,0.0001144
2490000,112.43003,0.02167,112.43485,0.44449,112.39536,0.0001144
2495000,111.94916,0.02114,111.94812,-0.09832,111.91584,0.0001144
2500000,111.29970,0.04221,111.29722,-0.11735,111.25597,0.0001144
2505000,110.51049,0.05114,110.51177,0.04996,110.51123,0.0001144
2510000,109.93987,0.05544,109.94045,0.02096,109.99014,0.0001144
2515000,110.39592,0.03418,110.39095,-0.29081,110.40942,0.0001145
2520000,110.42060,0.04492,110.41779,-0.12528,110.42049,0.0001145
2525000,110.31259,0.02484,110.31263,0.00254,110.31618,0.0001145
2530000,110.31045,0.05144,110.30585,-0.17902,110.24330,0.0001145
2535000,110.57104,0.02772,110.57270,0.11986,110.63350,0.0001145
2540000,110.93068,0.03973,110.93238,0.08603,110.92340,0.0001145
2545000,110.79707,0.03564,110.79278,-0.24057,110.84499,0.0001145
2550000,109.29448,0.04319,109.29009,-0.20294,109.31182,0.0001145
2555000,108.74463,0.03111,108.74107,-0.22875,108.74966,0.0001145
2560000,108.77151,0.04046,108.77111,-0.01990,108.76811,0.0001145
2565000,109.15977,0.02878,109.16260,0.19640,109.20407,0.0001145
2570000,109.13626,0.05172,109.14272,0.24981,109.16971,0.0001146
2575000,110.58997,0.03919,110.59817,0.41854,110.55773,0.0001146
2580000,111.07827,0.04785,111.08079,0.10528,111.07519,0.0001146
2585000,111.14304,0.03788,111.14434,0.06890,111.11725,0.0001146
2590000,110.58346,0.03346,110.57750,-0.35629,110.58533,0.0001146
2595000,111.35247,0.02187,111.34817,-0.39350,111.35577,0.0001146
2600000,111.73837,0.03216,111.73760,-0.04796,111.68189,0.0001146
2605000,111.52534,0.04589,111.52100,-0.18928,111.50368,0.0001146
2610000,111.93468,0.03819,111.93258,-0.10993,111.92579,0.0001146
2615000,111.40816,0.03952,111.39999,-0.41323,111.41021,0.0001146
2620000,110.44642,0.05639,110.44267,-0.13284,110.44168,0.0001146
2625000,110.84421,0.03641,110.83862,-0.30698,110.83004,0.0001146
2630000,110.42863,0.03121,110.42980,0.07490,110.45712,0.0001146
2635000,111.21970,0.04070,111.21949,-0.01060,111.20363,0.0001146
2640000,111.29178,0.04044,111.29640,0.22861,111.32827,0.0001146
2645000,111.16380,0.03359,111.17138,0.45161,111.20068,0.0001146
2650000,111.09902,0.03000,111.10207,0.20338,111.10063,0.0001146
2655000,111.12916,0.02124,111.12344,-0.53836,111.11082,0.0001146
2660000,111.15126,0.03111,111.15840,0.45889,111.16173,0.0001147
2665000,110.41664,0.03180,110.41447,-0.13677,110.40141,0.0001147
2670000,110.73462,0.02994,110.73952,0.32751,110.74066,0.0001147
2675000,109.93866,0.03773,109.94228,0.19204,109.98852,0.0001147
2680000,110.86172,0.05722,110.86606,0.15161,110.86790,0.0001147
2685000,111.73145,0.03712,111.74173,0.55368,111.73356,0.0001147
2690000,113.82446,0.03978,113.83222,0.39048,113.83400,0.0001147
2695000,112.60393,0.04043,112.60714,0.15874,112.63510,0.0001147
2700000,112.15699,0.02852,112.15893,0.13563,112.16006,0.0001147
2705000,110.78782,0.03532,110.78702,-0.04537,110.83390,0.0001147
2710000,111.66367,0.02866,111.66895,0.36906,111.63621,0.0001147
2715000,111.87407,0.02873,111.86685,-0.50223,111.85607,0.0001147
2720000,111.43287,0.02154,111.43567,0.25986,111.48750,0.0001147
2725000,111.46671,0.05250,111.46450,-0.08433,111.47447,0.0001147
2730000,112.55899,0.05493,112.56375,0.17329,112.58416,0.0001147
2735000,112.95657,0.03982,112.96140,0.24268,112.97186,0.0001147
2740000,112.66980,0.05514,112.67303,0.11708,112.67624,0.0001147
2745000,112.39901,0.04166,112.40463,0.26997,112.36820,0.0001147
2750000,112.45687,0.05763,112.47463,0.61639,112.44046,0.0001147
2755000,111.42096,0.04912,111.42585,0.19919,111.42161,0.0001148
2760000,110.36048,0.04880,110.37086,0.42562,110.34496,0.0001148
2765000,109.27325,0.04958,109.27809,0.19502,109.28770,0.0001148
2770000,108.73423,0.02941,108.72827,-0.40483,108.70179,0.0001148
2775000,109.55818,0.03046,109.56559,0.48666,109.53830,0.0001148
2780000,109.84081,0.04600,109.84210,0.05590,109.82355,0.0001148
2785000,109.81977,0.04474,109.83106,0.50445,109.80893,0.0001148
2790000,111.06066,0.03430,111.05928,-0.08054,110.99087,0.0001148
2795000,110.23051,0.04637,110.23978,0.39960,110.28521,0.0001148
2800000,109.07409,0.04420,109.07608,0.08994,109.11505,0.0001148
2805000,109.79762,0.04778,109.79177,-0.24509,109.79173,0.0001148
2810000,109.90730,0.04106,109.90346,-0.18726,109.94710,0.0001148
2815000,110.39756,0.03552,110.39100,-0.36927,110.36939,0.0001148
2820000,110.74896,0.04772,110.74696,-0.08368,110.73539,0.0001148
2825000,111.06026,0.02511,111.05609,-0.33238,111.03811,0.0001148
2830000,111.77181,0.03529,111.77206,0.01434,111.75653,0.0001149
2835000,112.13306,0.03475,112.12920,-0.22240,112.14299,0.0001149
2840000,112.24895,0.04091,112.24542,-0.17258,112.24570,0.0001149
2845000,112.27833,0.04122,112.27408,-0.20580,112.26013,0.0001149
2850000,111.98399,0.03901,111.98029,-0.18971,111.97667,0.0001149
2855000,111.69962,0.03762,111.69742,-0.11684,111.65210,0.0001149
2860000,112.35381,0.05339,112.36163,0.29313,112.32942,0.0001149
2865000,112.44733,0.04482,112.45287,0.24711,112.40370,0.0001149
2870000,112.79532,0.05721,112.79133,-0.13966,112.81496,0.0001149
2875000,113.70134,0.03153,113.69891,-0.15408,113.75079,0.0001149
2880000,112.51449,0.02967,112.51385,-0.04274,112.50304,0.0001149
2885000,112.09314,0.05905,112.10008,0.23493,112.07568,0.0001149
2890000,112.96307,0.02649,112.95955,-0.26569,112.98543,0.0001149
2895000,113.55009,0.03702,113.54527,-0.26065,113.56754,0.0001149
2900000,113.37200,0.05247,113.38629,0.54500,113.33512,0.0001149
2905000,113.46370,0.02520,113.46604,0.18564,113.49638,0.0001149
2910000,112.28414,0.04039,112.28412,-0.00110,112.28434,0.0001149
2915000,112.61642,0.05522,112.62261,0.22418,112.61589,0.0001149
2920000,113.39009,0.05137,113.40508,0.58332,113.40463,0.0001149
2925000,112.48363,0.02851,112.47942,-0.29552,112.49437,0.0001149
2930000,112.86564,0.03585,112.85995,-0.31718,112.81242,0.0001149
2935000,112.94034,0.02119,112.93776,-0.24345,112.86965,0.0001149
2940000,112.69948,0.05708,112.71092,0.40068,112.70093,0.0001149
2945000,113.80644,0.05158,113.81449,0.31232,113.83154,0.0001149
2950000,114.25322,0.04891,114.24750,-0.23375,114.28743,0.0001149
2955000,113.38264,0.03376,113.38595,0.19605,113.38865,0.0001149
2960000,112.45044,0.02757,112.44222,-0.59630,112.49345,0.0001149
2965000,112.79736,0.04486,112.79093,-0.28642,112.78013,0.0001149
2970000,112.26753,0.05724,112.26266,-0.17021,112.20881,0.0001149
2975000,112.48828,0.04010,112.47837,-0.49424,112.47610,0.0001149
2980000,111.67400,0.04718,111.67998,0.25336,111.65524,0.0001149
2985000,112.86550,0.03090,112.86678,0.08318,112.90509,0.0001149
2990000,112.27601,0.03787,112.27633,0.01719,112.26314,0.0001149
2995000,113.32992,0.04994,113.33300,0.12350,113.26248,0.0001149
3000000,112.35577,0.03949,112.36723,0.58048,112.32092,0.0001149
3005000,112.07820,0.03238,112.07783,-0.02238,112.08739,0.0001149
3010000,111.65422,0.02204,111.65528,0.09641,111.67021,0.0001149
3015000,112.69771,0.03014,112.70377,0.40214,112.69159,0.0001149
3020000,112.88007,0.04218,112.88011,0.00200,112.86509,0.0001149
3025000,114.09641,0.03465,114.09601,-0.02311,114.12523,0.0001149
3030000,114.25794,0.02588,114.25317,-0.36915,114.30303,0.0001149
3035000,112.89590,0.04874,112.89572,-0.00746,112.89717,0.0001149
3040000,111.98219,0.03218,111.98747,0.32818,112.03942,0.0001149
3045000,112.18200,0.04932,112.18203,0.00154,112.16586,0.0001149
3050000,112.81749,0.04456,112.82205,0.20484,112.78741,0.0001149
3055000,113.07915,0.05452,113.08361,0.16354,113.05404,0.0001149
3060000,112.26539,0.02326,112.26078,-0.39636,112.24391,0.0001149
3065000,112.44063,0.05741,112.43441,-0.21658,112.42491,0.0001149
3070000,112.14187,0.02274,112.14048,-0.12223,112.15532,0.0001150
3075000,111.86428,0.04328,111.86986,0.25828,111.85566,0.0001150
3080000,110.38264,0.05298,110.38455,0.07217,110.37827,0.0001150
3085000,111.06289,0.05297,111.06568,0.10532,111.02522,0.0001150
3090000,110.65117,0.04648,110.65368,0.10818,110.64536,0.0001150
3095000,109.04883,0.05271,109.05536,0.24774,109.04747,0.0001150
3100000,110.49363,0.03871,110.49015,-0.18022,110.52948,0.0001150
3105000,110.03730,0.05120,110.04322,0.23120,110.09201,0.0001150
3110000,109.72073,0.02310,109.71741,-0.28772,109.73321,0.0001150
3115000,109.54786,0.02049,109.54949,0.15916,109.56936,0.0001150
3120000,109.08116,0.03892,109.08287,0.08767,109.11184,0.0001150
3125000,109.64930,0.02455,109.64602,-0.26710,109.63963,0.0001150
3130000,109.07260,0.04264,109.06543,-0.33592,109.04973,0.0001150
3135000,108.90141,0.04869,108.89779,-0.14888,108.90352,0.0001150
3140000,109.17959,0.03453,109.17824,-0.07848,109.17499,0.0001150
3145000,108.57406,0.02642,108.57491,0.06479,108.60119,0.0001151
3150000,108.29002,0.03552,108.29533,0.29878,108.25801,0.0001151
3155000,108.96226,0.02717,108.96518,0.21482,108.92034,0.0001151
3160000,108.80213,0.02894,108.80717,0.34870,108.77269,0.0001151
3165000,108.05072,0.02876,108.04747,-0.22583,108.04763,0.0001151
3170000,107.40566,0.05690,107.40991,0.14941,107.39231,0.0001151
3175000,106.53019,0.02289,106.52945,-0.06438,106.50997,0.0001151
3180000,106.41771,0.05603,106.41838,0.02404,106.41335,0.0001151
3185000,105.68851,0.02717,105.68871,0.01501,105.70971,0.0001151
3190000,104.21687,0.05186,104.22069,0.14730,104.21487,0.0001152
3195000,104.11034,0.03198,104.10756,-0.17391,104.13702,0.0001152
3200000,104.32790,0.05579,104.32119,-0.24025,104.29322,0.0001152
3205000,105.02020,0.05219,105.02823,0.30746,105.01562,0.0001152
3210000,104.59073,0.05416,104.59253,0.06665,104.60072,0.0001152
3215000,104.22738,0.04997,104.21543,-0.47807,104.24494,0.0001152
3220000,104.36172,0.05608,104.35755,-0.14877,104.39207,0.0001152
3225000,104.95459,0.05936,104.94504,-0.32191,104.89783,0.0001153
3230000,103.78357,0.03010,103.78067,-0.19270,103.75886,0.0001153
3235000,103.80327,0.03124,103.81113,0.50334,103.79009,0.0001153
3240000,105.13891,0.03704,105.13536,-0.19147,105.13294,0.0001153
3245000,104.56111,0.04610,104.55030,-0.46916,104.56531,0.0001153
3250000,105.24733,0.05075,105.24905,0.06786,105.26930,0.0001153
3255000,105.64544,0.02446,105.64659,0.09343,105.63597,0.0001154
3260000,105.62900,0.02635,105.63641,0.56298,105.61957,0.0001154
3265000,106.03608,0.04772,106.04650,0.43682,106.04704,0.0001154
3270000,106.02828,0.05949,106.01671,-0.38874,106.02634,0.0001154
3275000,106.06884,0.04387,106.06390,-0.22550,106.09156,0.0001154
3280000,105.02369,0.03198,105.02117,-0.15777,105.00841,0.0001154
3285000,104.61178,0.03417,104.61847,0.39128,104.67562,0.0001154
3290000,105.30572,0.02818,105.30155,-0.29600,105.29810,0.0001154
3295000,105.88460,0.03565,105.88512,0.02913,105.88980,0.0001155
3300000,105.50749,0.02475,105.50459,-0.23484,105.50401,0.0001155
3305000,106.11706,0.02350,106.11832,0.10747,106.06093,0.0001155
3310000,107.43440,0.04730,107.44703,0.53406,107.40801,0.0001155
3315000,109.14920,0.02200,109.14405,-0.46798,109.10014,0.0001155
3320000,109.94698,0.03914,109.95758,0.54157,109.92701,0.0001155
3325000,109.70573,0.03337,109.70238,-0.20048,109.67310,0.0001155
3330000,109.49201,0.02163,109.49614,0.38239,109.48242,0.0001155
3335000,108.94870,0.03099,108.95055,0.11905,108.96971,0.0001155
3340000,109.34725,0.03561,109.34830,0.05899,109.35496,0.0001155
3345000,109.67060,0.03980,109.67400,0.17121,109.68575,0.0001155
3350000,111.03395,0.03233,111.02908,-0.30085,111.03262,0.0001155
3355000,111.66343,0.05173,111.65476,-0.33513,111.65970,0.0001155
3360000,111.71538,0.05143,111.72486,0.36880,111.70037,0.0001155
3365000,110.42586,0.04364,110.42657,0.03253,110.44634,0.0001155
3370000,110.33065,0.05408,110.33144,0.02934,110.31494,0.0001156
3375000,111.23754,0.03621,111.23877,0.06832,111.22039,0.0001156
3380000,111.62206,0.03588,111.61548,-0.36690,111.62759,0.0001156
3385000,112.78166,0.02679,112.78312,0.10878,112.72627,0.0001156
3390000,111.94385,0.05000,111.93456,-0.37171,111.97437,0.0001156
3395000,111.25541,0.03930,111.25488,-0.02693,111.29036,0.0001156
3400000,109.94940,0.04795,109.93817,-0.46860,110.01328,0.0001156
3405000,109.46381,0.03726,109.45574,-0.43303,109.44414,0.0001156
3410000,108.57119,0.05350,108.56214,-0.33836,108.59374,0.0001156
3415000,108.45118,0.02071,108.45452,0.32250,108.40182,0.0001156
3420000,109.00483,0.03067,109.00487,0.00272,108.96605,0.0001156
3425000,108.23518,0.03240,108.23292,-0.13949,108.25325,0.0001156
3430000,108.46947,0.05653,108.46506,-0.15597,108.45821,0.0001156
3435000,109.38972,0.05812,109.38310,-0.22786,109.34839,0.0001156
3440000,108.80399,0.05931,108.81636,0.41710,108.83346,0.0001156
3445000,108.67882,0.02208,108.68101,0.19860,108.66026,0.0001156
3450000,108.79536,0.04938,108.79486,-0.02033,108.79661,0.0001156
3455000,108.71448,0.02317,108.71460,0.01046,108.72950,0.0001156
3460000,109.62038,0.03277,109.62457,0.25564,109.66625,0.0001156
3465000,108.69774,0.04169,108.70703,0.44553,108.72479,0.0001156
3470000,111.18405,0.04009,111.18374,-0.01565,111.14902,0.0001156
3475000,111.04502,0.04449,111.04315,-0.08383,111.01780,0.0001157
3480000,111.32523,0.04200,111.31783,-0.35232,111.32550,0.0001157
3485000,112.80155,0.05607,112.80394,0.08529,112.82679,0.0001157
3490000,114.33747,0.05022,114.33767,0.00823,114.34884,0.0001156
3495000,112.79513,0.04374,112.80252,0.33798,112.75496,0.0001156
3500000,112.47259,0.02091,112.47430,0.16301,112.49175,0.0001156
3505000,112.16394,0.04326,112.16713,0.14763,112.12288,0.0001156
3510000,112.92581,0.02853,112.93195,0.43062,112.92763,0.0001156
3515000,113.02952,0.02284,113.02634,-0.27854,113.01400,0.0001156
3520000,111.98024,0.03957,111.97542,-0.24378,111.94969,0.0001156
3525000,112.62903,0.05333,112.64139,0.46372,112.66160,0.0001156
3530000,111.79197,0.02270,111.79433,0.20750,111.78011,0.0001156
3535000,112.60173,0.03205,112.60861,0.42958,112.59897,0.0001156
3540000,112.90285,0.05879,112.90144,-0.04825,112.88575,0.0001156
3545000,113.49752,0.02910,113.49869,0.08050,113.50290,0.0001156
3550000,114.35919,0.02224,114.36028,0.09748,114.35037,0.0001156
3555000,115.09115,0.03877,115.08981,-0.06891,115.09285,0.0001156
3560000,114.65297,0.03928,114.65102,-0.09948,114.67946,0.0001156
3565000,114.02063,0.03215,114.02486,0.26295,114.07406,0.0001156
3570000,114.92713,0.04431,114.92372,-0.15375,114.88856,0.0001156
3575000,114.65565,0.02433,114.65567,0.00226,114.61599,0.0001156
3580000,114.46185,0.04219,114.45954,-0.10929,114.45447,0.0001156
3585000,114.33565,0.04079,114.34602,0.50854,114.30867,0.0001156
3590000,113.98113,0.04180,113.98638,0.25117,113.98278,0.0001156
3595000,114.48584,0.04936,114.48806,0.09015,114.51545,0.0001156
3600000,114.60708,0.03818,114.60864,0.08204,114.60648,0.0001156
3605000,114.90946,0.05011,114.90622,-0.12904,114.86618,0.0001156
3610000,115.21791,0.05773,115.22055,0.09117,115.22929,0.0001156
3615000,114.40815,0.03116,114.41372,0.35786,114.45071,0.0001156
3620000,113.84741,0.05802,113.85324,0.20105,113.84411,0.0001156
3625000,114.74016,0.03616,114.73436,-0.32057,114.76351,0.0001156
3630000,115.00532,0.03625,114.99850,-0.37613,115.02535,0.0001156
3635000,114.10875,0.04201,114.10835,-0.01921,114.08805,0.0001156
3640000,113.18780,0.05376,113.18648,-0.04914,113.20492,0.0001156
3645000,113.53650,0.04506,113.53449,-0.08898,113.51859,0.0001156
3650000,112.70634,0.02809,112.70051,-0.41494,112.76809,0.0001156
3655000,113.64511,0.04143,113.64641,0.06315,113.64483,0.0001156
3660000,113.76713,0.05251,113.77469,0.28809,113.75519,0.0001156
3665000,113.54336,0.05090,113.55353,0.39957,113.53802,0.0001156
3670000,112.95620,0.03928,112.95270,-0.17869,113.00975,0.0001156
3675000,111.73679,0.03169,111.73580,-0.06305,111.71200,0.0001156
3680000,111.86086,0.04997,111.86462,0.15044,111.86051,0.0001156
3685000,113.41617,0.03659,113.42630,0.55366,113.40533,0.0001156
3690000,113.89350,0.02284,113.89110,-0.21006,113.90334,0.0001156
3695000,114.66986,0.02191,114.66492,-0.45072,114.68363,0.0001156
3700000,114.09967,0.04979,114.10833,0.34805,114.08474,0.0001156
3705000,113.90950,0.05935,113.89348,-0.53989,113.91674,0.0001156
3710000,114.80468,0.04756,114.79588,-0.37012,114.74786,0.0001156
3715000,114.71749,0.04840,114.70707,-0.43058,114.71544,0.0001156
3720000,115.02097,0.04524,115.01538,-0.24688,115.00059,0.0001156
3725000,115.21197,0.04940,115.20972,-0.09121,115.20430,0.0001156
3730000,115.47278,0.02195,115.47182,-0.08745,115.43282,0.0001156
3735000,115.65387,0.05375,115.65405,0.00663,115.67602,0.0001156
3740000,116.41906,0.04180,116.41158,-0.35782,116.39586,0.0001156
3745000,114.71135,0.02592,114.71496,0.27807,114.74650,0.0001156
3750000,115.67253,0.04932,115.66498,-0.30641,115.66058,0.0001156
3755000,114.31370,0.02859,114.31613,0.17008,114.31800,0.0001156
3760000,113.28956,0.05924,113.29394,0.14780,113.30059,0.0001156
3765000,113.80161,0.05141,113.80627,0.18141,113.79458,0.0001156
3770000,112.93293,0.03793,112.92803,-0.25815,112.96811,0.0001156
3775000,113.20455,0.03177,113.20442,-0.00848,113.20746,0.0001156
3780000,113.13922,0.04623,113.13644,-0.12040,113.16463,0.0001156
3785000,113.74898,0.05390,113.74911,0.00481,113.73308,0.0001156
3790000,113.88866,0.04844,113.89730,0.35682,113.92008,0.0001156
3795000,113.76283,0.04318,113.75645,-0.29516,113.77619,0.0001156
3800000,113.13362,0.02294,113.13439,0.06708,113.11928,0.0001156
3805000,112.58978,0.05859,112.60453,0.50345,112.61562,0.0001156
3810000,113.86115,0.03495,113.86378,0.15091,113.89616,0.0001156
3815000,114.23525,0.04639,114.23156,-0.15904,114.19939,0.0001156
3820000,113.15321,0.04023,113.14208,-0.55368,113.12630,0.0001156
3825000,112.92915,0.04895,112.91724,-0.48640,112.94719,0.0001156
3830000,113.57145,0.03972,113.56691,-0.22857,113.54548,0.0001156
3835000,112.54090,0.05863,112.54789,0.23852,112.52816,0.0001156
3840000,112.50788,0.02916,112.50835,0.03200,112.47694,0.0001156
3845000,111.12321,0.03231,111.11682,-0.39529,111.04037,0.0001156
3850000,111.01566,0.04238,111.01492,-0.03514,111.01876,0.0001156
3855000,110.66078,0.02092,110.66019,-0.05584,110.66362,0.0001156
3860000,111.08081,0.03070,111.08165,0.05470,111.08128,0.0001156
3865000,112.37251,0.05420,112.36195,-0.38949,112.34701,0.0001156
3870000,112.85513,0.03547,112.84883,-0.35547,112.88894,0.0001156
3875000,112.74542,0.04918,112.75064,0.21248,112.75019,0.0001156
3880000,112.24305,0.02260,112.24526,0.19563,112.28118,0.0001156
3885000,111.84156,0.04605,111.84449,0.12687,111.81474,0.0001156
3890000,111.12040,0.03530,111.12319,0.15810,111.18936,0.0001156
3895000,111.08074,0.05462,111.09479,0.51459,111.06781,0.0001156
3900000,111.11511,0.05145,111.12346,0.32445,111.12099,0.0001156
3905000,111.54583,0.05699,111.54002,-0.20398,111.57103,0.0001156
3910000,112.37757,0.05371,112.38331,0.21356,112.34573,0.0001156
3915000,111.65920,0.04596,111.65727,-0.08403,111.64032,0.0001156
3920000,112.66876,0.03278,112.66798,-0.04740,112.61913,0.0001156
3925000,113.63304,0.03235,113.63997,0.42842,113.63846,0.0001156
3930000,113.86678,0.05295,113.85772,-0.34227,113.86838,0.0001156
3935000,112.97262,0.04827,112.97973,0.29470,112.97548,0.0001156
3940000,113.37533,0.05879,113.38246,0.24249,113.37316,0.0001156
3945000,114.42529,0.03742,114.42450,-0.04207,114.42749,0.0001156
3950000,113.85860,0.04078,113.86735,0.42901,113.91267,0.0001156
3955000,114.82229,0.02460,114.82104,-0.10111,114.87023,0.0001156
3960000,114.01462,0.05898,114.03051,0.53877,114.03522,0.0001156
3965000,114.87448,0.03210,114.87304,-0.08932,114.88056,0.0001156
3970000,114.54136,0.02705,114.54249,0.08368,114.53249,0.0001156
3975000,114.25207,0.03360,114.25834,0.37321,114.23243,0.0001156
3980000,114.37410,0.04295,114.38768,0.63215,114.42528,0.0001156
3985000,115.42258,0.04443,115.41648,-0.27438,115.40788,0.0001156
3990000,116.00087,0.02229,116.00177,0.08025,115.98574,0.0001156
3995000,115.25691,0.02420,115.25644,-0.03883,115.26698,0.0001156
4000000,115.16662,0.05917,115.16648,-0.00472,115.19969,0.0001156
4005000,114.85971,0.02863,114.85820,-0.10578,114.94053,0.0001156
4010000,115.24812,0.05417,115.24967,0.05720,115.22063,0.0001156
4015000,115.31711,0.03861,115.31304,-0.21082,115.27514,0.0001156
4020000,115.05330,0.02952,115.04702,-0.42528,114.99199,0.0001156
4025000,115.31635,0.02148,115.31769,0.12495,115.32833,0.0001156
4030000,114.88149,0.03308,114.88369,0.13280,114.87623,0.0001156
4035000,115.11137,0.05087,115.11934,0.31322,115.15287,0.0001156
4040000,115.00145,0.03337,115.00777,0.37851,114.97831,0.0001156
4045000,114.83049,0.04033,114.83369,0.15866,114.78743,0.0001155
4050000,115.53116,0.03845,115.52668,-0.23309,115.52662,0.0001155
4055000,116.59720,0.04462,116.58927,-0.35539,116.56395,0.0001155
4060000,117.23450,0.02773,117.23910,0.33197,117.23479,0.0001155
4065000,116.83803,0.03075,116.83599,-0.13317,116.86258,0.0001155
4070000,117.60772,0.05093,117.59673,-0.43141,117.56509,0.0001155
4075000,117.62678,0.04667,117.62642,-0.01540,117.60549,0.0001155
4080000,118.38536,0.04665,118.38066,-0.20146,118.35660,0.0001155
4085000,119.28451,0.03886,119.28096,-0.18257,119.31609,0.0001155
4090000,119.57682,0.04325,119.57909,0.10491,119.61976,0.0001155
4095000,118.22022,0.03138,118.22268,0.15644,118.24121,0.0001155
4100000,118.50598,0.02267,118.50755,0.13843,118.47761,0.0001155
4105000,118.72061,0.04293,118.72276,0.10057,118.74374,0.0001155
4110000,118.37663,0.03384,118.38009,0.20421,118.42564,0.0001155
4115000,119.47284,0.02450,119.47289,0.00467,119.45206,0.0001155
4120000,118.67444,0.03369,118.66986,-0.27200,118.67322,0.0001155
4125000,118.11220,0.02632,118.10404,-0.62063,118.12214,0.0001155
4130000,118.05110,0.03007,118.04538,-0.38048,118.07576,0.0001155
4135000,117.52560,0.03584,117.52708,0.08243,117.57506,0.0001155
4140000,117.10184,0.03339,117.10629,0.26600,117.11812,0.0001155
4145000,117.95701,0.04464,117.95741,0.01776,117.93531,0.0001154
4150000,116.97285,0.02416,116.97795,0.42212,116.95448,0.0001154
4155000,116.97175,0.05952,116.97202,0.00911,116.91992,0.0001154
4160000,116.93140,0.02400,116.93502,0.30204,116.90179,0.0001154
4165000,117.94170,0.03631,117.94554,0.21164,117.96459,0.0001154
4170000,117.58444,0.05215,117.58567,0.04718,117.56200,0.0001154
4175000,116.96062,0.05335,116.95428,-0.23776,116.92178,0.0001154
4180000,117.22252,0.04092,117.22080,-0.08380,117.21095,0.0001154
4185000,117.22153,0.04872,117.22692,0.22135,117.17844,0.0001154
4190000,117.77636,0.04312,117.76594,-0.48323,117.74389,0.0001154
4195000,118.37665,0.05970,118.37014,-0.21823,118.41120,0.0001154
4200000,118.77529,0.05081,118.76498,-0.40567,118.76302,0.0001154
4205000,118.54355,0.03710,118.54574,0.11781,118.55752,0.0001154
4210000,119.42215,0.03428,119.42135,-0.04665,119.37055,0.0001154
4215000,119.74182,0.04545,119.73962,-0.09673,119.72375,0.0001154
4220000,119.70976,0.04242,119.70955,-0.01004,119.69083,0.0001154
4225000,120.91331,0.02869,120.91137,-0.13522,120.88159,0.0001154
4230000,120.81616,0.05132,120.82465,0.33108,120.80210,0.0001154
4235000,121.01905,0.04611,121.00798,-0.48017,121.04309,0.0001154
4240000,121.09071,0.02992,121.08732,-0.22665,121.09560,0.0001153
4245000,121.18494,0.04999,121.17612,-0.35303,121.20554,0.0001153
4250000,121.82584,0.04874,121.83028,0.18229,121.85825,0.0001153
4255000,122.96130,0.05435,122.97045,0.33672,122.92306,0.0001153
4260000,121.81782,0.04324,121.82715,0.43159,121.84506,0.0001153
4265000,122.37738,0.04064,122.37146,-0.29139,122.37653,0.0001153
4270000,121.63599,0.03779,121.63642,0.02306,121.63756,0.0001153
4275000,121.24717,0.03338,121.24489,-0.13648,121.26418,0.0001153
4280000,121.37083,0.05254,121.37794,0.27072,121.38705,0.0001153
4285000,121.35630,0.05565,121.36268,0.22941,121.34422,0.0001153
4290000,122.37671,0.03669,122.37080,-0.32199,122.35008,0.0001152
4295000,121.70622,0.02002,121.71041,0.41784,121.70450,0.0001152
4300000,122.00538,0.04442,122.01065,0.23752,121.98600,0.0001152
4305000,122.75211,0.04929,122.74782,-0.17405,122.68938,0.0001152
4310000,122.19229,0.05693,122.20109,0.30919,122.19379,0.0001152
4315000,123.34789,0.03550,123.34538,-0.14177,123.30889,0.0001152
4320000,123.65009,0.03725,123.64748,-0.14032,123.66876,0.0001152
4325000,123.26167,0.03584,123.26697,0.29554,123.30587,0.0001152
4330000,123.75825,0.02239,123.75455,-0.33099,123.78022,0.0001152
4335000,123.93735,0.03464,123.92879,-0.49391,123.91897,0.0001152
4340000,122.27309,0.05788,122.27471,0.05604,122.24398,0.0001151
4345000,122.81802,0.02299,122.82312,0.44412,122.84115,0.0001151
4350000,123.15090,0.05628,123.16190,0.39083,123.19646,0.0001151
4355000,122.44881,0.04712,122.44835,-0.01936,122.45767,0.0001151
4360000,121.95389,0.03677,121.95527,0.07555,121.95001,0.0001151
4365000,121.16360,0.05940,121.16225,-0.04545,121.18836,0.0001151
4370000,121.72032,0.02185,121.71863,-0.15487,121.72362,0.0001151
4375000,120.85964,0.03187,120.85957,-0.00430,120.89639,0.0001151
4380000,122.45027,0.02844,122.45123,0.06726,122.41111,0.0001151
4385000,123.73468,0.03524,123.74400,0.52871,123.70538,0.0001151
4390000,124.24497,0.05220,124.26011,0.58016,124.26685,0.0001151
4395000,123.51362,0.02079,123.51522,0.15395,123.51740,0.0001150
4400000,123.06246,0.05114,123.06822,0.22495,123.01752,0.0001150
4405000,123.84327,0.03078,123.83910,-0.27101,123.85269,0.0001150
4410000,123.97714,0.04268,123.97759,0.02105,123.90614,0.0001150
4415000,122.99960,0.03037,122.99931,-0.01891,123.03095,0.0001150
4420000,122.91975,0.02247,122.91535,-0.39173,122.86732,0.0001150
4425000,122.33244,0.02346,122.32989,-0.21746,122.36899,0.0001150
4430000,122.55026,0.03579,122.54438,-0.32864,122.54873,0.0001150
4435000,123.48473,0.02049,123.48923,0.43968,123.50524,0.0001150
4440000,124.63785,0.05533,124.64193,0.14748,124.65221,0.0001150
4445000,124.11907,0.03534,124.11496,-0.23259,124.10000,0.0001149
4450000,122.54121,0.02058,122.53970,-0.14710,122.54144,0.0001149
4455000,122.08656,0.02379,122.07918,-0.61997,122.10473,0.0001149
4460000,120.30724,0.03414,120.30716,-0.00447,120.29594,0.0001149
4465000,120.48324,0.05278,120.48621,0.11244,120.45458,0.0001149
4470000,120.46431,0.03452,120.46931,0.28972,120.42769,0.0001149
4475000,119.38470,0.02659,119.38758,0.21614,119.35133,0.0001149
4480000,117.74755,0.05190,117.74955,0.07700,117.73471,0.0001149
4485000,117.46919,0.03465,117.46775,-0.08288,117.52926,0.0001149
4490000,116.91690,0.02620,116.91222,-0.35743,116.89937,0.0001149
4495000,116.20443,0.03564,116.19720,-0.40553,116.18939,0.0001149
4500000,117.04861,0.02521,117.05192,0.26282,117.04277,0.0001149
4505000,115.83827,0.02883,115.83783,-0.03059,115.84709,0.0001149
4510000,116.71009,0.04497,116.70929,-0.03578,116.73933,0.0001149
4515000,117.52597,0.05127,117.51955,-0.25046,117.53881,0.0001149
4520000,118.64946,0.02999,118.65308,0.24182,118.67745,0.0001149
4525000,117.98939,0.04422,117.99859,0.41599,118.02856,0.0001149
4530000,117.79103,0.02597,117.79855,0.57924,117.78349,0.0001149
4535000,117.82276,0.03740,117.82139,-0.07334,117.81252,0.0001149
4540000,116.59815,0.02237,116.60339,0.46828,116.60779,0.0001148
4545000,115.44686,0.02124,115.44996,0.29255,115.53772,0.0001148
4550000,114.75283,0.03537,114.74823,-0.25988,114.76328,0.0001148
4555000,113.27567,0.03975,113.27529,-0.01904,113.24968,0.0001148
4560000,112.93795,0.04466,112.93367,-0.19168,112.92408,0.0001148
4565000,112.46370,0.05021,112.47023,0.25995,112.50272,0.0001148
4570000,112.98101,0.03052,112.97720,-0.24980,112.96235,0.0001149
4575000,111.73017,0.05424,111.73853,0.30799,111.71172,0.0001149
4580000,111.33740,0.03189,111.33946,0.12937,111.34202,0.0001149
4585000,112.33139,0.03445,112.33405,0.15412,112.33805,0.0001149
4590000,113.48267,0.04011,113.47708,-0.27925,113.43234,0.0001149
4595000,113.35022,0.05350,113.35392,0.13833,113.34121,0.0001149
4600000,112.97822,0.03697,112.97303,-0.28087,112.99256,0.0001149
4605000,112.88240,0.02170,112.87951,-0.26660,112.87854,0.0001149
4610000,112.90422,0.05009,112.89468,-0.38098,112.93580,0.0001149
4615000,113.63172,0.03405,113.64139,0.56795,113.64315,0.0001149
4620000,113.50935,0.04124,113.51504,0.27600,113.52798,0.0001149
4625000,113.19760,0.02717,113.19618,-0.10437,113.17722,0.0001149
4630000,113.22564,0.02254,113.22286,-0.24623,113.20821,0.0001149
4635000,113.00171,0.05112,112.99199,-0.38004,113.00037,0.0001149
4640000,112.83552,0.02391,112.84030,0.40014,112.83335,0.0001149
4645000,112.60176,0.02007,112.60245,0.06882,112.60272,0.0001149
4650000,112.25779,0.05865,112.25604,-0.05959,112.24909,0.0001149
4655000,110.87658,0.02068,110.88193,0.51653,110.90102,0.0001149
4660000,112.41340,0.05444,112.41074,-0.09785,112.40746,0.0001149
4665000,111.55609,0.03221,111.55117,-0.30595,111.58125,0.0001149
4670000,110.62668,0.05224,110.63459,0.30299,110.59575,0.0001149
4675000,109.99571,0.02504,109.99619,0.03810,110.00411,0.0001149
4680000,110.37633,0.04873,110.38401,0.31493,110.36505,0.0001149
4685000,111.54710,0.03968,111.53743,-0.48740,111.55223,0.0001149
4690000,113.00503,0.03873,112.99549,-0.49296,112.92199,0.0001149
4695000,113.63280,0.05032,113.61688,-0.63256,113.64052,0.0001149
4700000,113.23476,0.05693,113.22518,-0.33659,113.24940,0.0001149
4705000,111.54508,0.04213,111.54406,-0.04837,111.56635,0.0001149
4710000,111.10906,0.05608,111.10378,-0.18823,110.99955,0.0001149
4715000,111.34561,0.04151,111.34851,0.13979,111.36448,0.0001149
4720000,112.01270,0.03064,112.01112,-0.10320,112.02233,0.0001149
4725000,112.14367,0.04141,112.13827,-0.26083,112.09176,0.0001149
4730000,112.81703,0.04311,112.81514,-0.08769,112.84807,0.0001149
4735000,112.68245,0.02045,112.68338,0.09087,112.69626,0.0001149
4740000,111.99022,0.05945,111.99021,-0.00034,111.98430,0.0001149
4745000,112.26974,0.03679,112.26310,-0.36126,112.21773,0.0001149
4750000,112.14091,0.04925,112.14356,0.10764,112.13069,0.0001149
4755000,112.99593,0.05050,113.00417,0.32614,112.98672,0.0001149
4760000,113.21579,0.03567,113.21102,-0.26743,113.21286,0.0001149
4765000,112.71205,0.02472,112.71467,0.21172,112.69232,0.0001149
4770000,111.77614,0.03549,111.77468,-0.08258,111.82003,0.0001149
4775000,110.46388,0.02716,110.45867,-0.38383,110.45885,0.0001149
4780000,110.33868,0.02914,110.34135,0.18343,110.33928,0.0001149
4785000,110.62946,0.03307,110.63018,0.04304,110.59989,0.0001149
4790000,111.38375,0.03984,111.38284,-0.04581,111.40514,0.0001149
4795000,113.24047,0.03586,113.24930,0.49263,113.26248,0.0001149
4800000,112.77720,0.02242,112.77922,0.18027,112.75642,0.0001149
4805000,111.98542,0.02421,111.98310,-0.19131,111.88261,0.0001149
4810000,111.81256,0.04891,111.82266,0.41313,111.83458,0.0001149
4815000,112.58537,0.04463,112.59224,0.30791,112.59126,0.0001149
4820000,111.72231,0.04406,111.71020,-0.54976,111.71027,0.0001149
4825000,112.56221,0.05346,112.56090,-0.04902,112.51964,0.0001149
4830000,112.56609,0.04899,112.55702,-0.37024,112.58426,0.0001150
4835000,112.57221,0.05226,112.58343,0.42936,112.56703,0.0001150
4840000,113.33556,0.02419,113.34284,0.60217,113.34904,0.0001150
4845000,115.26435,0.04501,115.26525,0.04002,115.25820,0.0001150
4850000,115.53102,0.05957,115.51487,-0.54231,115.52569,0.0001150
4855000,116.40861,0.04685,116.40519,-0.14571,116.41231,0.0001150
4860000,115.63593,0.02442,115.63733,0.11416,115.66169,0.0001149
4865000,116.20742,0.03398,116.20235,-0.29815,116.21105,0.0001149
4870000,115.32133,0.02394,115.31440,-0.57882,115.30161,0.0001149
4875000,116.12506,0.04694,116.13085,0.24656,116.08505,0.0001149
4880000,116.51668,0.05891,116.50996,-0.22828,116.54124,0.0001149
4885000,116.50325,0.02441,116.50698,0.30598,116.48726,0.0001149
4890000,115.21701,0.04118,115.20984,-0.34853,115.18093,0.0001149
4895000,116.22387,0.02648,116.22021,-0.27615,116.21723,0.0001149
4900000,115.64261,0.03000,115.64401,0.09326,115.65334,0.0001149
4905000,117.90830,0.05910,117.90579,-0.08504,117.91842,0.0001149
4910000,117.16994,0.04027,117.16597,-0.19722,117.17431,0.0001149
4915000,116.91048,0.05041,116.90676,-0.14743,116.87999,0.0001149
4920000,117.36168,0.02109,117.36832,0.62954,117.32630,0.0001149
4925000,117.19159,0.03461,117.18864,-0.17018,117.20522,0.0001149
4930000,117.57606,0.03740,117.57163,-0.23666,117.58774,0.0001149
4935000,118.06291,0.03137,118.06883,0.37745,118.04682,0.0001149
4940000,117.57066,0.02312,117.56797,-0.23266,117.59958,0.0001149
4945000,118.17186,0.02824,118.17421,0.16688,118.17655,0.0001149
4950000,120.19870,0.05318,120.19347,-0.19658,120.17012,0.0001149
4955000,120.41555,0.02993,120.40964,-0.39472,120.41450,0.0001149
4960000,120.34509,0.05147,120.34699,0.07360,120.26405,0.0001149
4965000,120.08052,0.04050,120.07612,-0.21725,120.08546,0.0001149
4970000,118.66410,0.02906,118.66953,0.37357,118.69578,0.0001149
4975000,118.65407,0.03176,118.64764,-0.40526,118.59832,0.0001149
4980000,118.12062,0.04388,118.12366,0.13862,118.11845,0.0001149
4985000,117.68507,0.05133,117.68122,-0.15003,117.66902,0.0001149
4990000,117.00150,0.03654,117.00139,-0.00588,117.03874,0.0001149
4995000,115.79388,0.02598,115.78884,-0.38767,115.86850,0.0001149
